Name	State	GPA	sGPA	recent GPA	PCE	CPhT	LoR	GRE	CASPER	Holistic	Tuition	Notes	Source
University of Washington (MEDEX)	WA	3.0	3.2	Prereqs within 7 years	2000	accepted	3	not required		TRUE	~$89,208 total (2025-27)	Min 3.0 (3.2 recommended); paid clinical experience only (EMT/paramedic volunteer exception).	https://familymedicine.uw.edu/medex/applicants/program-prerequisites/academic-prerequisites/
Utah Valley University	UT	2.8	2.8	If GPA 2.8-2.9, need 3.0+ on last 60 (or last 30 science)	2000	unspecified	3	not required		TRUE	~$86,700 resident / ~$134,700 non-resident total	A&P within 7 years; C or better; AP/CLEP not accepted; Kira Talent video (not Casper).	https://www.uvu.edu/physicianassistant/admissions/requirements/prerequisites.html
University of Utah	UT	3.0	3.0	None	2000	unspecified	3	not required	REQUIRED	TRUE	unspecified	2000 hrs direct patient care; bachelor's by matriculation; C or better; Casper required.	https://medicine.utah.edu/pa-program/admissions/requirements
University of New England	ME		3.0	Last 60 credit hours GPA 3.0+	500	unspecified	3	not required	NOT REQUIRED	TRUE	~$125,180 two-year total	3 LORs incl. one from a practicing PA; CASPer highly recommended; 20 PA shadowing hrs; C or better.	https://www.une.edu/catalog/2025-2026/graduate/master-science-physician-assistant
Des Moines University	IA	2.8		Chem & bio recommended within 5 years	750	unspecified		not required			~$110,460 total (2026-27)	Bachelor's required; no prereq below C; CLEP/AP not accepted; Psychology 6 sh incl. abnormal.	https://www.dmu.edu/pa/admission-requirements/
Boston University	MA		3.2	None	0	unspecified	3	not required	REQUIRED	TRUE	~$166,651 total (2026-27)	No min overall GPA; PCE valued but no set hours; prereqs in-person/hybrid; GRE/MCAT not required.	https://www.bu.edu/paprogram/admissions/how-to-apply/
Western Michigan University	MI	3.0		Min 3.0 in most recent 60 credit hours	1000	unspecified		not required		TRUE	In-state ~$82,463 / out-of-state ~$126,037 total (2026-27)	Direct patient contact required (shadowing excluded; volunteer 50%); C or better.	https://wmich.edu/pa/academics/apply
Keiser University [PROGRAM CLOSED]	FL	2.75	3.0	None		unspecified	3	required		TRUE	$9,594/semester (2013-14 catalog)	PROGRAM CLOSED - ARC-PA accreditation withdrawn eff. 12/31/2021; not accepting students. Data from last catalog.	https://www.keiseruniversity.edu/
Rutgers University	NJ	3.2	3.2	Emphasis on last 24 science credits (exception if 3.2+)	0	unspecified	3	not required	NOT REQUIRED	TRUE	unspecified (114 credits)	PCE required but no minimum hours; prereqs need C+; CASPA deadline Aug 1. Ranked highly.	https://shp.rutgers.edu/physician-assistant/master-of-science-physician-assistant-program/
University of Maryland Eastern Shore	MD	3.0	3.0	Prereqs within 6 years	500	unspecified	3	unspecified		TRUE	unspecified	Min grade B in prereqs; requires Medical Terminology; 150 PA shadowing hours required.	https://wwwcp.umes.edu/pa/admissions-process/
Weill Cornell Medicine	NY			Prereqs within 10 yrs; bio preferred within 5	500	unspecified	2	required	NOT REQUIRED		unspecified	B average expected (matriculant avg ~3.82); GRE all 3 sections, recommend >50th pct; 27-month.	https://teach.weill.cornell.edu/medical-education/programs/health-sciences-physician-assistants/admissions
Samuel Merritt University	CA	3.0	3.0	Last 60 units >3.4 preferred	2000	unspecified	3	not required	REQUIRED	TRUE	~$156,555 total (27-month)	PA-CAT required beginning 2026; prereqs preferred within 5 years; min grade C-.	https://www.samuelmerritt.edu/college-health-sciences/master-physician-assistant
Lincoln Memorial University	TN	2.8	2.8	None		accepted		unspecified		TRUE	unspecified	Harrogate campus; competitive ~3.2; min grade C; 40 PA shadowing hrs; requires Medical Terminology.	https://paharrogatecatalog.lmunet.edu/admission-requirements
South College	TN	2.75	2.75	Science prereqs within 7 years	0	unspecified	3	required		TRUE	unspecified	Knoxville campus; GRE or PA-CAT; no minimum PCE (preferred); suggested: orgo, biochem, genetics.	https://www.south.edu/physician-assistant-knoxville-admissions/
University of Nevada, Reno	NV	2.75		Prereqs within 7 years recommended	2000	unspecified	3	unspecified		TRUE	unspecified	Min grade B- per prereq; AP not accepted; NV residency + military service considered.	https://med.unr.edu/physician-assistant/admissions
Brenau University	GA	2.75	2.75	Prereqs within 10 years	500	unspecified	3	required	REQUIRED	TRUE	~$83,010 total est. (28-month)	Min grade C; GRE all 3 sections; requires General Psychology + College Algebra+; matriculates each January.	https://www.brenau.edu/programs/ms-physician-assistant-studies/
Hawaii Pacific University	HI	3.0	3.0	Alt: if cum GPA <3.0, eligible if science GPA >3.3; prereqs within 10 yrs	500	unspecified	2	not required		TRUE	$19,232/semester (~6 semesters)	MMS-PA, Honolulu; CASPA, docs due Aug 1; bachelor's required.	https://www.hpu.edu/gchs/mms-pa/admissions.html
Mayo Clinic School of Health Sciences	MN	3.50	3.50	Last 60 credit hours may be considered at director's discretion	500	not accepted	3	not required			~$127,518 total (est.)	Highest stated GPA bar (3.50); 2-yr MHS in PA Studies; ~two 4-hr PA shadowing shifts; CASPA.	https://college.mayo.edu/academics/health-sciences-education/physician-assistant-program-minnesota/how-to-apply/
Pacific University	OR		3.0	Last 45 credits GPA >=3.0; A&P within 7 years	1000	unspecified	2	not required	NOT REQUIRED	TRUE	~$158,905 total (2026-27)	"""Physician Associate Studies""; no bachelor's required (>=90 cr option); prereqs by Dec 31 prior year."	https://www.pacificu.edu/physician-assistant-studies-ms/admissions
Lawrence Technological University	MI			Unspecified	750	unspecified	3	not required			unspecified	ARC-PA Accreditation-Provisional; 2-yr MSPAS; rolling admissions, 30 seats; PA-CAT optional. Full prereq list not published on readable pages.	https://ltu.edu/programs/physician-assistant-studies/
Florida Gulf Coast University	FL	3.0	3.0	Prereqs within 7 years; min combined prereq GPA 3.0	250	not accepted	3	required		TRUE	In-state ~$55,024 / non-resident ~$138,479	Competitive PCE often >1000; min prereq grade C; GRE competitive >=153 V/Q; Medical Terminology required.	https://catalog.fgcu.edu/programs/physician-assistant-studies-mpas/
Stephens College	MO	3.0	3.0	Last 60 credit-hour GPA >=3.0; A&P within 7 years	750	unspecified	3	unspecified			unspecified	27-month; bachelor's required; 16 shadowing hrs (>=8 with PA); min grade C.	https://stephens.edu/apply-to-the-master-of-physician-assistant-studies/entrance-requirements/
University of North Dakota	ND	3.0		Prereqs within 7 years preferred; grades B+ (Orgo accepts C)	1000	unspecified	3	not required		TRUE	~$31,948/yr (SD & MT residents; others n/a)	Bachelor's by Dec 31; highly competitive; recent clinical experience emphasized; CASPA deadline Aug 1.	https://med.und.edu/education-training/physician-assistant/prerequisites.html
Campbell University	NC	3.2		Last 60 credit hours GPA >3.2	1000	accepted	3	required		TRUE	~$19,345/semester + fees	Sci >3.2 / prereq >3.4 recommended; bachelor's; prereqs by Dec 31, grade C+; GRE total >300 recommended.	https://cphs.campbell.edu/academic-programs/physician-assistant/master-physician-assistant-practice/admissions/requirements/
University of New Mexico	NM	3.0	3.0	Cum GPA on most recent 60 hrs; sci/math within last 10 years	1000	accepted	3	not required	NOT REQUIRED	TRUE	~$68,367 resident / ~$104,327 non-resident (tuition & fees)	PA-CAT strongly recommended; prereqs U.S., grade C+, most within 10 yrs.	https://hsc.unm.edu/medicine/departments/family-community/education/physician-assistant/admissions.html
University of North Carolina (Chapel Hill)	NC	3.0	3.2	3.0 cumulative OR 3.0 in last 60 semester hours	1000	not accepted	3	not required		TRUE	Resident $68,692 / non-resident ~$115,584 (2-yr total)	UNC-Chapel Hill School of Medicine; requires Medical Terminology; prereqs within 7 yrs, grade C+.	https://www.med.unc.edu/healthsciences/unc-pa/admissions/admissions-requirements/
George Fox University	OR	3.0	3.0	Last 60 credits >=3.3 (alternative if cumulative below 3.0)	0	unspecified	3	not required	NOT REQUIRED	TRUE	~$186,416 total (two-year)	No minimum PCE (2,000 hrs recommended to be competitive); prereqs grade B-, within 10 years; paid U.S. PCE weighted by role.	https://www.georgefox.edu/pa/admissions/prerequisites.html
Morehouse School of Medicine	GA	3.0	3.0	Last 60 undergrad hrs considered if below 3.0	500	unspecified	3	not required		TRUE	~$79,971 total tuition	GRE or PA-CAT (submit one); bachelor's required; prereqs within 7 yrs; medical scribing counts; no shadowing required.	https://www.msm.edu/physicianassistantprogram/prerequisites.php
Wayne State University	MI	3.0	3.0	Last 60 undergrad hrs if cumulative below 3.4	500	unspecified	3	not required		TRUE	unspecified (75 credit hours)	GRE dropped for 2026-27; prereqs grade B+; science within 6 yrs; also requires Nutrition, Medical Terminology.	https://applebaum.wayne.edu/physician-assistant/admissions-requirements
North Central College	IL	3.0	3.0	None (prereqs within 7 years)	750	accepted	3	not required		TRUE	$1,052/credit (~$129K total)	GRE or PA-CAT highly recommended; >=500 hands-on PCE; CPhT counts only toward non-hands-on (max 250); 15 hrs PA shadowing required (not PCE).	https://www.northcentralcollege.edu/master-physician-assistant/how-to-apply
Duke University	NC			Prereqs within 10 years, grade B- or better	1000	not accepted	3	required			~$110,654 total (2 years)	90-seat class; PCE due by May 1; GRE by Aug 15; may apply with <=2 outstanding prereqs.	https://medschool.duke.edu/education/health-professions-education-programs/physician-assistant-program/admissions
Arcadia University	PA			None (no prereq expiration)	200	unspecified	3	not required		TRUE	~$106,860 total	3.0 GPA recommended (3.4 prereq GPA for preferred-admission track); C or better each prereq; CASPA, Oct 1 deadline.	https://www.arcadia.edu/majors-and-programs/physician-assistant/admission/
Kettering College	OH			Science prereqs within last 10 years		accepted	3	required	REQUIRED	TRUE	~$110,697 total (Class of 2027)	No cumulative GPA minimum (admitted avg 3.62); 3.0 prereq GPA minimum; 250-1000 PCE recommended; min grade C; 27-month/98-credit.	https://kc.edu/academics/physician-assistant/admission-requirements/
Rosalind Franklin University	IL	2.75	2.75	Prereqs within 10 years, grade C+ (B+ competitive)		unspecified	2	not required		TRUE	~$60,111 (Yr1) + $58,976 (Yr2) tuition	1000 hrs PCE recommended not required (1400+ competitive); no prereq substitutions; 2025 class avg cum 3.56 / sci 3.51.	https://www.rosalindfranklin.edu/academics/college-of-health-professions/degree-programs/physician-assistant-practice-ms/application-requirements/
Kansas State University	KS	3.0		Prereqs within 10 years (Genetics within 5); older accepted only with 4000+ PCE	0	unspecified	3	not required		TRUE	$69,540 resident / $136,881 non-resident (27-month)	Own PA program (MSPAS w/ Stormont Vail; first grads 2024; 44 seats); 3.0 last-60 GPA + 3.0 prereq GPA; grade C+; requires Medical Terminology.	https://www.hhs.k-state.edu/health-sciences/academics/graduate/physician-assistant/admission/
Idaho State University	ID			Coursework 10+ years old not accepted	0	unspecified	3	required		TRUE	$91,566 resident / $150,570 non-resident (6 semesters)	No cumulative GPA minimum but 3.0 cumulative prereq GPA; min grade C each prereq; GRE by Nov 1; bachelor's by June 30.	https://www.isu.edu/pa/admission/admission-requirements/
Albany Medical College	NY			One Chem + one Bio lecture within last 5 years	1000	unspecified	3	not required		TRUE	$3,000 per 3-credit course (28-month)	No GPA minimum but competitive ~3.9; ~42 seats/yr from ~3,000 applicants; US citizen/PR required.	https://www.amc.edu/admissions/pa-program-admissions/
Harding University	AR	3.0		Last 40 hours weighted higher (competitive ~3.8)	200	unspecified	3	not required		TRUE	~$16,924/semester (flat cohort rate)	Prereq GPA min 3.0 (no exceptions); 10 hrs PA shadowing required (virtual not accepted); Christian institution.	https://www.harding.edu/allied-health/physician-assistant/admissions/
Michigan State University	MI			None	0	unspecified	3	not required		TRUE	In-state $83,402 / out-of-state $94,012 (27-month)	No GPA minimums but min 3.0/B per prereq; PCE strongly encouraged; max 2 repeated prereqs.	https://pa.com.msu.edu/future-students/admission-requirements
Delaware Valley University	PA			Prereqs within past 10 years; GPAs considered holistically	0	unspecified	3	not required		TRUE	~$106,660-$109,362 tuition & fees (2 years)	No GPA or PCE minimums; >=1 LOR from a PA or physician; interview by invitation only; upward trend considered.	https://delval.edu/programs/graduate-programs/physician-assistant-studies/pa-admission
