school,course,status,credits,notes
University of Washington (MEDEX),Anatomy,required,,
University of Washington (MEDEX),Physiology,required,,
University of Washington (MEDEX),Biology,unspecified,,
University of Washington (MEDEX),Microbiology,required,,
University of Washington (MEDEX),Chemistry,unspecified,,
University of Washington (MEDEX),Organic Chemistry,accepted,,
University of Washington (MEDEX),Biochemistry,accepted,,
University of Washington (MEDEX),Statistics,required,,
University of Washington (MEDEX),English,unspecified,,
University of Washington (MEDEX),Genetics,recommended,,
University of Washington (MEDEX),Social Science,recommended,,
University of Washington (MEDEX),Developmental Psychology,unspecified,,
University of Washington (MEDEX),Cultural Competency,unspecified,,
Utah Valley University,Anatomy,required,,
Utah Valley University,Physiology,required,,
Utah Valley University,Biology,required,,
Utah Valley University,Microbiology,required,,
Utah Valley University,Chemistry,required,,
Utah Valley University,Organic Chemistry,not required,,
Utah Valley University,Biochemistry,not required,,
Utah Valley University,Statistics,required,,
Utah Valley University,English,not required,,
Utah Valley University,Genetics,not required,,
Utah Valley University,Social Science,not required,,
Utah Valley University,Developmental Psychology,not required,,
Utah Valley University,Cultural Competency,not required,,
University of Utah,Anatomy,required,,
University of Utah,Physiology,required,,
University of Utah,Biology,required,,
University of Utah,Microbiology,required,,
University of Utah,Chemistry,required,,
University of Utah,Organic Chemistry,unspecified,,
University of Utah,Biochemistry,required,,
University of Utah,Statistics,required,,
University of Utah,English,unspecified,,
University of Utah,Genetics,unspecified,,
University of Utah,Social Science,unspecified,,
University of Utah,Developmental Psychology,required,,
University of Utah,Cultural Competency,unspecified,,
University of New England,Anatomy,required,,
University of New England,Physiology,required,,
University of New England,Biology,required,,
University of New England,Microbiology,required,,
University of New England,Chemistry,required,,
University of New England,Organic Chemistry,accepted,,
University of New England,Biochemistry,required,,
University of New England,Statistics,required,,
University of New England,English,required,,
University of New England,Genetics,required,,
University of New England,Social Science,required,,
University of New England,Developmental Psychology,not required,,
University of New England,Cultural Competency,not required,,
Des Moines University,Anatomy,required,,
Des Moines University,Physiology,required,,
Des Moines University,Biology,required,,
Des Moines University,Microbiology,required,,
Des Moines University,Chemistry,required,,
Des Moines University,Organic Chemistry,required,,
Des Moines University,Biochemistry,required,,
Des Moines University,Statistics,required,,
Des Moines University,English,unspecified,,
Des Moines University,Genetics,required,,
Des Moines University,Social Science,unspecified,,
Des Moines University,Developmental Psychology,unspecified,,
Des Moines University,Cultural Competency,unspecified,,
Boston University,Anatomy,accepted,,
Boston University,Physiology,required,,
Boston University,Biology,required,,
Boston University,Microbiology,accepted,,
Boston University,Chemistry,required,,
Boston University,Organic Chemistry,required,,
Boston University,Biochemistry,required,,
Boston University,Statistics,not required,,
Boston University,English,not required,,
Boston University,Genetics,not required,,
Boston University,Social Science,not required,,
Boston University,Developmental Psychology,not required,,
Boston University,Cultural Competency,not required,,
Western Michigan University,Anatomy,required,,
Western Michigan University,Physiology,required,,
Western Michigan University,Biology,not required,,
Western Michigan University,Microbiology,required,,
Western Michigan University,Chemistry,not required,,
Western Michigan University,Organic Chemistry,not required,,
Western Michigan University,Biochemistry,required,,
Western Michigan University,Statistics,required,,
Western Michigan University,English,not required,,
Western Michigan University,Genetics,not required,,
Western Michigan University,Social Science,not required,,
Western Michigan University,Developmental Psychology,required,,
Western Michigan University,Cultural Competency,not required,,
Keiser University [PROGRAM CLOSED],Anatomy,required,,
Keiser University [PROGRAM CLOSED],Physiology,required,,
Keiser University [PROGRAM CLOSED],Biology,required,,
Keiser University [PROGRAM CLOSED],Microbiology,required,,
Keiser University [PROGRAM CLOSED],Chemistry,required,,
Keiser University [PROGRAM CLOSED],Organic Chemistry,accepted,,
Keiser University [PROGRAM CLOSED],Biochemistry,accepted,,
Keiser University [PROGRAM CLOSED],Statistics,accepted,,
Keiser University [PROGRAM CLOSED],English,required,,
Keiser University [PROGRAM CLOSED],Genetics,required,,
Keiser University [PROGRAM CLOSED],Social Science,required,,
Keiser University [PROGRAM CLOSED],Developmental Psychology,accepted,,
Keiser University [PROGRAM CLOSED],Cultural Competency,accepted,,
Rutgers University,Anatomy,required,,
Rutgers University,Physiology,required,,
Rutgers University,Biology,required,,
Rutgers University,Microbiology,required,,
Rutgers University,Chemistry,not required,,
Rutgers University,Organic Chemistry,not required,,
Rutgers University,Biochemistry,required,,
Rutgers University,Statistics,required,,
Rutgers University,English,required,,
Rutgers University,Genetics,recommended,,
Rutgers University,Social Science,required,,
Rutgers University,Developmental Psychology,not required,,
Rutgers University,Cultural Competency,not required,,
University of Maryland Eastern Shore,Anatomy,required,,
University of Maryland Eastern Shore,Physiology,required,,
University of Maryland Eastern Shore,Biology,required,,
University of Maryland Eastern Shore,Microbiology,required,,
University of Maryland Eastern Shore,Chemistry,required,,
University of Maryland Eastern Shore,Organic Chemistry,accepted,,
University of Maryland Eastern Shore,Biochemistry,accepted,,
University of Maryland Eastern Shore,Statistics,required,,
University of Maryland Eastern Shore,English,not required,,
University of Maryland Eastern Shore,Genetics,not required,,
University of Maryland Eastern Shore,Social Science,not required,,
University of Maryland Eastern Shore,Developmental Psychology,not required,,
University of Maryland Eastern Shore,Cultural Competency,not required,,
Weill Cornell Medicine,Anatomy,required,,
Weill Cornell Medicine,Physiology,required,,
Weill Cornell Medicine,Biology,required,,
Weill Cornell Medicine,Microbiology,required,,
Weill Cornell Medicine,Chemistry,required,,
Weill Cornell Medicine,Organic Chemistry,not required,,
Weill Cornell Medicine,Biochemistry,required,,
Weill Cornell Medicine,Statistics,recommended,,
Weill Cornell Medicine,English,required,,
Weill Cornell Medicine,Genetics,not required,,
Weill Cornell Medicine,Social Science,recommended,,
Weill Cornell Medicine,Developmental Psychology,not required,,
Weill Cornell Medicine,Cultural Competency,not required,,
Samuel Merritt University,Anatomy,required,,
Samuel Merritt University,Physiology,required,,
Samuel Merritt University,Biology,required,,
Samuel Merritt University,Microbiology,required,,
Samuel Merritt University,Chemistry,required,,
Samuel Merritt University,Organic Chemistry,required,,
Samuel Merritt University,Biochemistry,not required,,
Samuel Merritt University,Statistics,required,,
Samuel Merritt University,English,not required,,
Samuel Merritt University,Genetics,not required,,
Samuel Merritt University,Social Science,not required,,
Samuel Merritt University,Developmental Psychology,not required,,
Samuel Merritt University,Cultural Competency,not required,,
Lincoln Memorial University,Anatomy,required,,
Lincoln Memorial University,Physiology,required,,
Lincoln Memorial University,Biology,required,,
Lincoln Memorial University,Microbiology,required,,
Lincoln Memorial University,Chemistry,required,,
Lincoln Memorial University,Organic Chemistry,required,,
Lincoln Memorial University,Biochemistry,accepted,,
Lincoln Memorial University,Statistics,required,,
Lincoln Memorial University,English,required,,
Lincoln Memorial University,Genetics,not required,,
Lincoln Memorial University,Social Science,not required,,
Lincoln Memorial University,Developmental Psychology,not required,,
Lincoln Memorial University,Cultural Competency,not required,,
South College,Anatomy,required,,
South College,Physiology,required,,
South College,Biology,required,,
South College,Microbiology,required,,
South College,Chemistry,required,,
South College,Organic Chemistry,recommended,,
South College,Biochemistry,recommended,,
South College,Statistics,required,,
South College,English,required,,
South College,Genetics,recommended,,
South College,Social Science,required,,
South College,Developmental Psychology,not required,,
South College,Cultural Competency,not required,,
"University of Nevada, Reno",Anatomy,required,,
"University of Nevada, Reno",Physiology,required,,
"University of Nevada, Reno",Biology,required,,
"University of Nevada, Reno",Microbiology,required,,
"University of Nevada, Reno",Chemistry,required,,
"University of Nevada, Reno",Organic Chemistry,not required,,
"University of Nevada, Reno",Biochemistry,not required,,
"University of Nevada, Reno",Statistics,required,,
"University of Nevada, Reno",English,not required,,
"University of Nevada, Reno",Genetics,not required,,
"University of Nevada, Reno",Social Science,not required,,
"University of Nevada, Reno",Developmental Psychology,not required,,
"University of Nevada, Reno",Cultural Competency,not required,,
Brenau University,Anatomy,required,,
Brenau University,Physiology,required,,
Brenau University,Biology,required,,
Brenau University,Microbiology,required,,
Brenau University,Chemistry,required,,
Brenau University,Organic Chemistry,required,,
Brenau University,Biochemistry,recommended,,
Brenau University,Statistics,required,,
Brenau University,English,not required,,
Brenau University,Genetics,required,,
Brenau University,Social Science,required,,
Brenau University,Developmental Psychology,not required,,
Brenau University,Cultural Competency,not required,,
Hawaii Pacific University,Anatomy,required,,
Hawaii Pacific University,Physiology,required,,
Hawaii Pacific University,Biology,required,,
Hawaii Pacific University,Microbiology,required,,
Hawaii Pacific University,Chemistry,required,,
Hawaii Pacific University,Organic Chemistry,required,,
Hawaii Pacific University,Biochemistry,required,,
Hawaii Pacific University,Statistics,required,,
Hawaii Pacific University,English,unspecified,,
Hawaii Pacific University,Genetics,unspecified,,
Hawaii Pacific University,Social Science,unspecified,,
Hawaii Pacific University,Developmental Psychology,unspecified,,
Hawaii Pacific University,Cultural Competency,unspecified,,
Mayo Clinic School of Health Sciences,Anatomy,required,,
Mayo Clinic School of Health Sciences,Physiology,required,,
Mayo Clinic School of Health Sciences,Biology,required,,
Mayo Clinic School of Health Sciences,Microbiology,required,,
Mayo Clinic School of Health Sciences,Chemistry,required,,
Mayo Clinic School of Health Sciences,Organic Chemistry,required,,
Mayo Clinic School of Health Sciences,Biochemistry,required,,
Mayo Clinic School of Health Sciences,Statistics,required,,
Mayo Clinic School of Health Sciences,English,required,,
Mayo Clinic School of Health Sciences,Genetics,unspecified,,
Mayo Clinic School of Health Sciences,Social Science,unspecified,,
Mayo Clinic School of Health Sciences,Developmental Psychology,required,,
Mayo Clinic School of Health Sciences,Cultural Competency,unspecified,,
Pacific University,Anatomy,required,,
Pacific University,Physiology,required,,
Pacific University,Biology,not required,,
Pacific University,Microbiology,required,,
Pacific University,Chemistry,required,,
Pacific University,Organic Chemistry,required,,
Pacific University,Biochemistry,required,,
Pacific University,Statistics,required,,
Pacific University,English,unspecified,,
Pacific University,Genetics,unspecified,,
Pacific University,Social Science,required,,
Pacific University,Developmental Psychology,recommended,,
Pacific University,Cultural Competency,unspecified,,
Lawrence Technological University,Anatomy,unspecified,,
Lawrence Technological University,Physiology,unspecified,,
Lawrence Technological University,Biology,unspecified,,
Lawrence Technological University,Microbiology,unspecified,,
Lawrence Technological University,Chemistry,unspecified,,
Lawrence Technological University,Organic Chemistry,unspecified,,
Lawrence Technological University,Biochemistry,unspecified,,
Lawrence Technological University,Statistics,unspecified,,
Lawrence Technological University,English,unspecified,,
Lawrence Technological University,Genetics,unspecified,,
Lawrence Technological University,Social Science,unspecified,,
Lawrence Technological University,Developmental Psychology,unspecified,,
Lawrence Technological University,Cultural Competency,unspecified,,
Florida Gulf Coast University,Anatomy,required,,
Florida Gulf Coast University,Physiology,required,,
Florida Gulf Coast University,Biology,required,,
Florida Gulf Coast University,Microbiology,required,,
Florida Gulf Coast University,Chemistry,required,,
Florida Gulf Coast University,Organic Chemistry,required,,
Florida Gulf Coast University,Biochemistry,accepted,,
Florida Gulf Coast University,Statistics,not required,,
Florida Gulf Coast University,English,not required,,
Florida Gulf Coast University,Genetics,required,,
Florida Gulf Coast University,Social Science,not required,,
Florida Gulf Coast University,Developmental Psychology,not required,,
Florida Gulf Coast University,Cultural Competency,not required,,
Stephens College,Anatomy,required,,
Stephens College,Physiology,required,,
Stephens College,Biology,not required,,
Stephens College,Microbiology,required,,
Stephens College,Chemistry,required,,
Stephens College,Organic Chemistry,required,,
Stephens College,Biochemistry,not required,,
Stephens College,Statistics,required,,
Stephens College,English,not required,,
Stephens College,Genetics,required,,
Stephens College,Social Science,not required,,
Stephens College,Developmental Psychology,not required,,
Stephens College,Cultural Competency,not required,,
University of North Dakota,Anatomy,required,,
University of North Dakota,Physiology,required,,
University of North Dakota,Biology,unspecified,,
University of North Dakota,Microbiology,required,,
University of North Dakota,Chemistry,unspecified,,
University of North Dakota,Organic Chemistry,accepted,,
University of North Dakota,Biochemistry,accepted,,
University of North Dakota,Statistics,required,,
University of North Dakota,English,unspecified,,
University of North Dakota,Genetics,accepted,,
University of North Dakota,Social Science,unspecified,,
University of North Dakota,Developmental Psychology,unspecified,,
University of North Dakota,Cultural Competency,unspecified,,
Campbell University,Anatomy,required,,
Campbell University,Physiology,required,,
Campbell University,Biology,required,,
Campbell University,Microbiology,required,,
Campbell University,Chemistry,required,,
Campbell University,Organic Chemistry,accepted,,
Campbell University,Biochemistry,accepted,,
Campbell University,Statistics,required,,
Campbell University,English,unspecified,,
Campbell University,Genetics,recommended,,
Campbell University,Social Science,required,,
Campbell University,Developmental Psychology,unspecified,,
Campbell University,Cultural Competency,unspecified,,
University of New Mexico,Anatomy,required,,
University of New Mexico,Physiology,required,,
University of New Mexico,Biology,not required,,
University of New Mexico,Microbiology,required,,
University of New Mexico,Chemistry,required,,
University of New Mexico,Organic Chemistry,required,,
University of New Mexico,Biochemistry,recommended,,
University of New Mexico,Statistics,recommended,,
University of New Mexico,English,not required,,
University of New Mexico,Genetics,recommended,,
University of New Mexico,Social Science,required,,
University of New Mexico,Developmental Psychology,accepted,,
University of New Mexico,Cultural Competency,not required,,
University of North Carolina (Chapel Hill),Anatomy,required,,
University of North Carolina (Chapel Hill),Physiology,required,,
University of North Carolina (Chapel Hill),Biology,not required,,
University of North Carolina (Chapel Hill),Microbiology,required,,
University of North Carolina (Chapel Hill),Chemistry,not required,,
University of North Carolina (Chapel Hill),Organic Chemistry,accepted,,
University of North Carolina (Chapel Hill),Biochemistry,accepted,,
University of North Carolina (Chapel Hill),Statistics,required,,
University of North Carolina (Chapel Hill),English,not required,,
University of North Carolina (Chapel Hill),Genetics,not required,,
University of North Carolina (Chapel Hill),Social Science,required,,
University of North Carolina (Chapel Hill),Developmental Psychology,not required,,
University of North Carolina (Chapel Hill),Cultural Competency,not required,,
George Fox University,Anatomy,required,,
George Fox University,Physiology,required,,
George Fox University,Biology,required,,
George Fox University,Microbiology,required,,
George Fox University,Chemistry,required,,
George Fox University,Organic Chemistry,accepted,,
George Fox University,Biochemistry,accepted,,
George Fox University,Statistics,required,,
George Fox University,English,not required,,
George Fox University,Genetics,accepted,,
George Fox University,Social Science,not required,,
George Fox University,Developmental Psychology,accepted,,
George Fox University,Cultural Competency,not required,,
Morehouse School of Medicine,Anatomy,required,,
Morehouse School of Medicine,Physiology,required,,
Morehouse School of Medicine,Biology,required,,
Morehouse School of Medicine,Microbiology,required,,
Morehouse School of Medicine,Chemistry,unspecified,,
Morehouse School of Medicine,Organic Chemistry,required,,
Morehouse School of Medicine,Biochemistry,required,,
Morehouse School of Medicine,Statistics,required,,
Morehouse School of Medicine,English,unspecified,,
Morehouse School of Medicine,Genetics,unspecified,,
Morehouse School of Medicine,Social Science,required,,
Morehouse School of Medicine,Developmental Psychology,unspecified,,
Morehouse School of Medicine,Cultural Competency,unspecified,,
Wayne State University,Anatomy,required,,
Wayne State University,Physiology,required,,
Wayne State University,Biology,not required,,
Wayne State University,Microbiology,required,,
Wayne State University,Chemistry,required,,
Wayne State University,Organic Chemistry,accepted,,
Wayne State University,Biochemistry,accepted,,
Wayne State University,Statistics,required,,
Wayne State University,English,required,,
Wayne State University,Genetics,accepted,,
Wayne State University,Social Science,not required,,
Wayne State University,Developmental Psychology,required,,
Wayne State University,Cultural Competency,unspecified,,
North Central College,Anatomy,required,,
North Central College,Physiology,required,,
North Central College,Biology,not required,,
North Central College,Microbiology,required,,
North Central College,Chemistry,required,,
North Central College,Organic Chemistry,accepted,,
North Central College,Biochemistry,required,,
North Central College,Statistics,required,,
North Central College,English,not required,,
North Central College,Genetics,accepted,,
North Central College,Social Science,required,,
North Central College,Developmental Psychology,accepted,,
North Central College,Cultural Competency,not required,,
Duke University,Anatomy,required,,
Duke University,Physiology,required,,
Duke University,Biology,required,,
Duke University,Microbiology,required,,
Duke University,Chemistry,required,,
Duke University,Organic Chemistry,not required,,
Duke University,Biochemistry,not required,,
Duke University,Statistics,required,,
Duke University,English,not required,,
Duke University,Genetics,accepted,,
Duke University,Social Science,not required,,
Duke University,Developmental Psychology,not required,,
Duke University,Cultural Competency,not required,,
Arcadia University,Anatomy,required,,
Arcadia University,Physiology,required,,
Arcadia University,Biology,required,,
Arcadia University,Microbiology,required,,
Arcadia University,Chemistry,required,,
Arcadia University,Organic Chemistry,required,,
Arcadia University,Biochemistry,unspecified,,
Arcadia University,Statistics,required,,
Arcadia University,English,unspecified,,
Arcadia University,Genetics,unspecified,,
Arcadia University,Social Science,required,,
Arcadia University,Developmental Psychology,unspecified,,
Arcadia University,Cultural Competency,unspecified,,
Kettering College,Anatomy,required,,
Kettering College,Physiology,required,,
Kettering College,Biology,required,,
Kettering College,Microbiology,required,,
Kettering College,Chemistry,unspecified,,
Kettering College,Organic Chemistry,required,,
Kettering College,Biochemistry,required,,
Kettering College,Statistics,required,,
Kettering College,English,unspecified,,
Kettering College,Genetics,unspecified,,
Kettering College,Social Science,required,,
Kettering College,Developmental Psychology,required,,
Kettering College,Cultural Competency,unspecified,,
Rosalind Franklin University,Anatomy,required,,
Rosalind Franklin University,Physiology,required,,
Rosalind Franklin University,Biology,unspecified,,
Rosalind Franklin University,Microbiology,required,,
Rosalind Franklin University,Chemistry,unspecified,,
Rosalind Franklin University,Organic Chemistry,unspecified,,
Rosalind Franklin University,Biochemistry,required,,
Rosalind Franklin University,Statistics,recommended,,
Rosalind Franklin University,English,unspecified,,
Rosalind Franklin University,Genetics,unspecified,,
Rosalind Franklin University,Social Science,required,,
Rosalind Franklin University,Developmental Psychology,recommended,,
Rosalind Franklin University,Cultural Competency,unspecified,,
Kansas State University,Anatomy,required,,
Kansas State University,Physiology,required,,
Kansas State University,Biology,required,,
Kansas State University,Microbiology,required,,
Kansas State University,Chemistry,required,,
Kansas State University,Organic Chemistry,recommended,,
Kansas State University,Biochemistry,recommended,,
Kansas State University,Statistics,recommended,,
Kansas State University,English,unspecified,,
Kansas State University,Genetics,required,,
Kansas State University,Social Science,required,,
Kansas State University,Developmental Psychology,unspecified,,
Kansas State University,Cultural Competency,unspecified,,
Idaho State University,Anatomy,required,,
Idaho State University,Physiology,required,,
Idaho State University,Biology,unspecified,,
Idaho State University,Microbiology,required,,
Idaho State University,Chemistry,unspecified,,
Idaho State University,Organic Chemistry,unspecified,,
Idaho State University,Biochemistry,required,,
Idaho State University,Statistics,required,,
Idaho State University,English,unspecified,,
Idaho State University,Genetics,recommended,,
Idaho State University,Social Science,unspecified,,
Idaho State University,Developmental Psychology,required,,
Idaho State University,Cultural Competency,unspecified,,
Albany Medical College,Anatomy,required,,
Albany Medical College,Physiology,required,,
Albany Medical College,Biology,required,,
Albany Medical College,Microbiology,required,,
Albany Medical College,Chemistry,required,,
Albany Medical College,Organic Chemistry,accepted,,
Albany Medical College,Biochemistry,accepted,,
Albany Medical College,Statistics,required,,
Albany Medical College,English,required,,
Albany Medical College,Genetics,not required,,
Albany Medical College,Social Science,required,,
Albany Medical College,Developmental Psychology,not required,,
Albany Medical College,Cultural Competency,not required,,
Harding University,Anatomy,required,,
Harding University,Physiology,required,,
Harding University,Biology,required,,
Harding University,Microbiology,required,,
Harding University,Chemistry,required,,
Harding University,Organic Chemistry,accepted,,
Harding University,Biochemistry,accepted,,
Harding University,Statistics,accepted,,
Harding University,English,unspecified,,
Harding University,Genetics,accepted,,
Harding University,Social Science,required,,
Harding University,Developmental Psychology,accepted,,
Harding University,Cultural Competency,unspecified,,
Michigan State University,Anatomy,required,,
Michigan State University,Physiology,required,,
Michigan State University,Biology,not required,,
Michigan State University,Microbiology,required,,
Michigan State University,Chemistry,required,,
Michigan State University,Organic Chemistry,accepted,,
Michigan State University,Biochemistry,required,,
Michigan State University,Statistics,required,,
Michigan State University,English,required,,
Michigan State University,Genetics,not required,,
Michigan State University,Social Science,not required,,
Michigan State University,Developmental Psychology,required,,
Michigan State University,Cultural Competency,not required,,
Delaware Valley University,Anatomy,required,,
Delaware Valley University,Physiology,required,,
Delaware Valley University,Biology,required,,
Delaware Valley University,Microbiology,required,,
Delaware Valley University,Chemistry,required,,
Delaware Valley University,Organic Chemistry,required,,
Delaware Valley University,Biochemistry,recommended,,
Delaware Valley University,Statistics,required,,
Delaware Valley University,English,not required,,
Delaware Valley University,Genetics,recommended,,
Delaware Valley University,Social Science,required,,
Delaware Valley University,Developmental Psychology,not required,,
Delaware Valley University,Cultural Competency,not required,,
